"OBJECTID","ID_0","ISO","NAME_0","ID_1","NAME_1","ID_2","NAME_2","HASC_2","CCN_2","CCA_2","TYPE_2","ENGTYPE_2","NL_NAME_2","VARNAME_2"
1,218,"SDN","Sudan",1,"Al Jazirah",1,"Al Kamlin","",NA,"","District","District","",""
2,218,"SDN","Sudan",1,"Al Jazirah",2,"Al Mahagil","",NA,"","District","District","",""
3,218,"SDN","Sudan",1,"Al Jazirah",3,"East al Gazera","",NA,"","District","District","",""
4,218,"SDN","Sudan",1,"Al Jazirah",4,"North al Gazera","",NA,"","District","District","",""
5,218,"SDN","Sudan",1,"Al Jazirah",5,"Sharq al Gazera","",NA,"","District","District","",""
6,218,"SDN","Sudan",1,"Al Jazirah",6,"South al Gazera","",NA,"","District","District","",""
7,218,"SDN","Sudan",1,"Al Jazirah",7,"Um Al Gura","",NA,"","District","District","",""
8,218,"SDN","Sudan",2,"Al Qadarif",8,"Al Faw","",NA,"","District","District","",""
9,218,"SDN","Sudan",2,"Al Qadarif",9,"Al Fushqa","",NA,"","District","District","",""
10,218,"SDN","Sudan",2,"Al Qadarif",10,"Al Gadaref","",NA,"","District","District","",""
11,218,"SDN","Sudan",2,"Al Qadarif",11,"Al Galabat","",NA,"","District","District","",""
12,218,"SDN","Sudan",2,"Al Qadarif",12,"Al Rahd","",NA,"","District","District","",""
13,218,"SDN","Sudan",3,"Blue Nile",13,"Ad Damazin","",NA,"","District","District","",""
14,218,"SDN","Sudan",3,"Blue Nile",14,"Al Kurumik","",NA,"","District","District","",""
15,218,"SDN","Sudan",3,"Blue Nile",15,"Al Roseires","",NA,"","District","District","",""
16,218,"SDN","Sudan",3,"Blue Nile",16,"Baw","",NA,"","District","District","",""
17,218,"SDN","Sudan",3,"Blue Nile",17,"Geissan","",NA,"","District","District","",""
18,218,"SDN","Sudan",4,"Central Darfur",18,"Mukjar","",NA,"","District","District","",""
19,218,"SDN","Sudan",4,"Central Darfur",19,"Zallingi","",NA,"","District","District","",""
20,218,"SDN","Sudan",5,"East Darfur",20,"Al Deain","",NA,"","District","District","",""
21,218,"SDN","Sudan",5,"East Darfur",21,"Nyala","",NA,"","District","District","",""
22,218,"SDN","Sudan",6,"Kassala",22,"Al Gash","",NA,"","District","District","",""
23,218,"SDN","Sudan",6,"Kassala",23,"Hamashkorieb","",NA,"","District","District","",""
24,218,"SDN","Sudan",6,"Kassala",24,"Kassala","",NA,"","District","District","",""
25,218,"SDN","Sudan",6,"Kassala",25,"Nahr Atbara","",NA,"","District","District","",""
26,218,"SDN","Sudan",6,"Kassala",26,"Seteet","",NA,"","District","District","","Steet"
27,218,"SDN","Sudan",7,"Khartoum",27,"Karary","",NA,"","District","District","",""
28,218,"SDN","Sudan",7,"Khartoum",28,"Khartoum Bahri","",NA,"","District","District","",""
29,218,"SDN","Sudan",7,"Khartoum",29,"Khartoum","",NA,"","District","District","",""
30,218,"SDN","Sudan",7,"Khartoum",30,"Omdurman","",NA,"","District","District","",""
31,218,"SDN","Sudan",7,"Khartoum",31,"Sharg En Nile","",NA,"","District","District","",""
32,218,"SDN","Sudan",7,"Khartoum",32,"South Khartoum","",NA,"","District","District","",""
33,218,"SDN","Sudan",7,"Khartoum",33,"Um Badda","",NA,"","District","District","",""
34,218,"SDN","Sudan",8,"North Darfur",34,"Al Fasher","",NA,"","District","District","",""
35,218,"SDN","Sudan",8,"North Darfur",35,"Kabkabiya","",NA,"","District","District","",""
36,218,"SDN","Sudan",8,"North Darfur",36,"Kutum","",NA,"","District","District","",""
37,218,"SDN","Sudan",8,"North Darfur",37,"Mellit","",NA,"","District","District","",""
38,218,"SDN","Sudan",8,"North Darfur",38,"Um Kadada","",NA,"","District","District","",""
39,218,"SDN","Sudan",9,"North Kurdufan",39,"Bara","",NA,"","District","District","",""
40,218,"SDN","Sudan",9,"North Kurdufan",40,"Jebrat al Sheikh","",NA,"","District","District","",""
41,218,"SDN","Sudan",9,"North Kurdufan",41,"Sheikan","",NA,"","District","District","",""
42,218,"SDN","Sudan",9,"North Kurdufan",42,"Sowdari","",NA,"","District","District","",""
43,218,"SDN","Sudan",9,"North Kurdufan",43,"Um Rawaba","",NA,"","District","District","",""
44,218,"SDN","Sudan",10,"Northern",44,"Addabah","",NA,"","District","District","",""
45,218,"SDN","Sudan",10,"Northern",45,"Dongola","",NA,"","District","District","",""
46,218,"SDN","Sudan",10,"Northern",46,"Merawi","",NA,"","District","District","",""
47,218,"SDN","Sudan",10,"Northern",47,"Wadi Halfa","",NA,"","District","District","",""
48,218,"SDN","Sudan",11,"Red Sea",48,"Halayeb","",NA,"","District","District","",""
49,218,"SDN","Sudan",11,"Red Sea",49,"Port Sudan","",NA,"","District","District","",""
50,218,"SDN","Sudan",11,"Red Sea",50,"Sinkat","",NA,"","District","District","",""
51,218,"SDN","Sudan",11,"Red Sea",51,"Tokar","",NA,"","District","District","",""
52,218,"SDN","Sudan",12,"River Nile",52,"Abu Hamad","",NA,"","District","District","",""
53,218,"SDN","Sudan",12,"River Nile",53,"Ad Damer","",NA,"","District","District","",""
54,218,"SDN","Sudan",12,"River Nile",54,"Al Matammah","",NA,"","District","District","",""
55,218,"SDN","Sudan",12,"River Nile",55,"Atbara","",NA,"","District","District","",""
56,218,"SDN","Sudan",12,"River Nile",56,"Berber","",NA,"","District","District","",""
57,218,"SDN","Sudan",12,"River Nile",57,"Shendi","",NA,"","District","District","",""
58,218,"SDN","Sudan",13,"Sennar",58,"Ad Dinder","",NA,"","District","District","",""
59,218,"SDN","Sudan",13,"Sennar",59,"Sennar","",NA,"","District","District","",""
60,218,"SDN","Sudan",13,"Sennar",60,"Singa","",NA,"","District","District","",""
61,218,"SDN","Sudan",14,"South Darfur",61,"Buram","",NA,"","District","District","",""
62,218,"SDN","Sudan",14,"South Darfur",62,"Id El Ghanem","",NA,"","District","District","",""
63,218,"SDN","Sudan",14,"South Darfur",63,"Kas","",NA,"","District","District","",""
64,218,"SDN","Sudan",14,"South Darfur",64,"Nyala","",NA,"","District","District","",""
65,218,"SDN","Sudan",14,"South Darfur",65,"Tulus","",NA,"","District","District","",""
66,218,"SDN","Sudan",15,"South Kurdufan",66,"Abu Jubaiyah","",NA,"","District","District","",""
67,218,"SDN","Sudan",15,"South Kurdufan",67,"Dilling","",NA,"","District","District","",""
68,218,"SDN","Sudan",15,"South Kurdufan",68,"Kadugli","",NA,"","District","District","","KADUGLI"
69,218,"SDN","Sudan",15,"South Kurdufan",69,"Rashad","",NA,"","District","District","",""
70,218,"SDN","Sudan",15,"South Kurdufan",70,"Talodi","",NA,"","District","District","",""
71,218,"SDN","Sudan",16,"West Darfur",71,"Al Geneina","",NA,"","District","District","",""
72,218,"SDN","Sudan",17,"West Kurdufan",72,"Abyei","",NA,"","District","District","",""
73,218,"SDN","Sudan",17,"West Kurdufan",73,"As Salam","",NA,"","District","District","",""
74,218,"SDN","Sudan",17,"West Kurdufan",74,"En Nuhud","",NA,"","District","District","",""
75,218,"SDN","Sudan",17,"West Kurdufan",75,"Ghebeish","",NA,"","District","District","",""
76,218,"SDN","Sudan",17,"West Kurdufan",76,"Lagawa","",NA,"","District","District","",""
77,218,"SDN","Sudan",18,"White Nile",77,"Ad Douiem","",NA,"","District","District","",""
78,218,"SDN","Sudan",18,"White Nile",78,"Al Gutaina","",NA,"","District","District","",""
79,218,"SDN","Sudan",18,"White Nile",79,"Al Jabalian","",NA,"","District","District","",""
80,218,"SDN","Sudan",18,"White Nile",80,"Kosti","",NA,"","District","District","",""
